{
  "model": "ma_bw_xgb_optuna",
  "best_tscv": 0.6656,
  "fold_scores": [
    0.6295,
    0.6862,
    0.7096,
    0.637
  ],
  "mean": 0.6656,
  "std": 0.0335,
  "best_params": {
    "n_estimators": 100,
    "max_depth": 6,
    "learning_rate": 0.010474208578094722,
    "subsample": 0.7411104859298452,
    "colsample_bytree": 0.5376340421014744,
    "gamma": 0.8959366256424816,
    "reg_lambda": 0.1672285731991521,
    "reg_alpha": 0.00023067504347408163,
    "min_child_weight": 1
  },
  "n_trials": 200
}