{
  "model": "xgb_optuna",
  "best_tscv": 0.7386,
  "fold_scores": [
    0.6392,
    0.6957,
    0.799,
    0.8203
  ],
  "mean": 0.7386,
  "std": 0.0742,
  "best_params": {
    "n_estimators": 200,
    "max_depth": 10,
    "learning_rate": 0.015283560389284672,
    "subsample": 0.9198541027968503,
    "colsample_bytree": 0.32481705350643925,
    "gamma": 0.8887344937259072,
    "reg_lambda": 0.20571038890874205,
    "reg_alpha": 0.0034540184362714687,
    "min_child_weight": 1
  },
  "n_trials": 200
}