{
  "model": "xgb_optuna",
  "best_tscv": 0.646,
  "fold_scores": [
    0.6466,
    0.6669,
    0.6743,
    0.5963
  ],
  "mean": 0.646,
  "std": 0.0304,
  "best_params": {
    "n_estimators": 150,
    "max_depth": 6,
    "learning_rate": 0.016806090553644713,
    "subsample": 0.6925614175459687,
    "colsample_bytree": 0.7095647190518375,
    "gamma": 0.21745145194279342,
    "reg_lambda": 0.16761600922847752,
    "reg_alpha": 0.020491955193806404,
    "min_child_weight": 1
  },
  "n_trials": 200
}